<?xml version="1.0"?>

<ruleset xmlns:xsi="http://www.w3.org/2001/XMLSchema-instance" name="alibaba-pmd"
         xmlns="http://pmd.sourceforge.net/ruleset/2.0.0"
         xsi:schemaLocation="http://pmd.sourceforge.net/ruleset/2.0.0 http://pmd.sourceforge.net/ruleset_2_0_0.xsd">

    <rule ref="rulesets/java/ali-concurrent.xml">
        <exclude name="AvoidCallStaticSimpleDateFormatRule"/>
    </rule>
    <rule ref="rulesets/java/ali-comment.xml"/>
    <rule ref="rulesets/java/ali-naming.xml">
        <exclude name="ArrayNamingShouldHaveBracketRule"/>
    </rule>
    <rule ref="rulesets/java/ali-constant.xml">
        <exclude name="UpperEllRule"/>
    </rule>
    <rule ref="rulesets/java/ali-other.xml"/>
    <rule ref="rulesets/java/ali-orm.xml"/>
    <rule ref="rulesets/java/ali-exception.xml"/>
    <rule ref="rulesets/java/ali-oop.xml">
        <exclude name="EqualsAvoidNullRule"/>
        <exclude name="WrapperTypeEqualityRule"/>
    </rule>
    <rule ref="rulesets/java/ali-set.xml"/>
    <rule ref="rulesets/java/ali-flowcontrol.xml">
        <exclude name="NeedBraceRule"/>
    </rule>
</ruleset>
